{
    "name": "MeshGeometry.1",
    "vertices": [0.681642,22.5629,-0.883189,-1.36231,22.4708,-0.872082,-3.2505,21.8624,-0.863202,-4.8903,20.8061,-0.856884,-6.205,19.3739,-0.853361,-7.11934,17.6407,-0.852856,-7.5973,15.4162,-0.856108,-7.39519,13.285,-0.862809,-6.22599,9.98703,-0.878053,-4.38577,6.50547,-0.897411,-2.16471,2.9885,-0.91891,-0.143245,0.210209,-0.937576,1.94084,2.96341,-0.941999,4.08168,6.19443,-0.94524,6.2099,10.0256,-0.947028,7.36908,13.1787,-0.945064,7.5751,14.6514,-0.942355,7.47154,16.3591,-0.937261,6.86165,18.2534,-0.928875,5.8052,19.8928,-0.918681,4.37276,21.2072,-0.907261,2.63929,22.1212,-0.895225,-0.235209,11.2905,-0.907849,-1.62329,11.6293,-0.899194,-3.04846,12.8303,-0.888163,-3.6514,14.2693,-0.880942,-3.69187,15.5255,-0.877491,-3.32822,16.6595,-0.876497,-2.46421,17.8251,-0.878234,-0.910421,18.6263,-0.884691,0.732982,18.671,-0.893814,2.07229,18.0894,-0.902711,2.78846,17.4616,-0.908345,3.32358,16.6714,-0.9134,3.64237,15.7563,-0.917586,3.71382,14.7672,-0.920606,3.5168,13.7921,-0.92207,3.08801,12.9318,-0.921958,2.46004,12.2158,-0.920363,1.66964,11.6807,-0.917383,0.754315,11.3619,-0.913141,0.509145,22.5721,0.979327,-0.94433,22.513,0.987242,-2.48927,22.1661,0.994905,-4.24028,21.2856,1.00231,-5.69788,19.9992,1.007,-6.4936,18.884,1.00848,-7.1682,17.4701,1.0085,-7.55983,15.5405,1.00558,-7.4537,13.5853,0.999848,-6.4609,10.565,0.986377,-5.02376,7.64306,0.97063,-2.79395,3.92978,0.94844,-0.12975,0.195589,0.92388,2.78947,4.15625,0.918123,5.03528,7.78118,0.915186,6.34442,10.338,0.914659,7.32154,12.9669,0.916133,7.58973,14.5437,0.918836,7.52756,15.9532,0.922894,7.18059,17.4977,0.928895,6.58953,18.7575,0.9355,5.70295,20.0184,0.943747,4.24072,21.3003,0.955251,2.48381,22.1756,0.967315,-0.330513,11.2937,0.95425,-1.28128,11.5116,0.96009,-2.13031,11.9593,0.965986,-2.83189,12.6031,0.97158,-3.54395,13.8368,0.978736,-3.70086,15.2649,0.983534,-3.3087,16.7372,0.985073,-2.38446,17.84,0.98291,-1.18613,18.5469,0.977959,0.317396,18.7082,0.970226,1.30335,18.4842,0.964133,2.1524,18.0365,0.958236,2.85393,17.3928,0.952643,3.37135,16.5899,0.947652,3.66937,15.6653,0.943558,3.71602,14.6566,0.940652,3.49813,13.706,0.93934,3.05033,12.8572,0.939588,2.40648,12.1557,0.941309,1.60339,11.6384,0.944407,0.67854,11.3404,0.948756],
    "faces": [32,1,0,21,0,1,2,32,2,1,21,3,0,2,32,2,21,20,3,2,4,32,3,2,20,5,3,4,32,3,20,19,5,4,6,32,4,3,19,7,5,6,32,4,19,18,7,6,8,32,5,4,29,9,7,10,32,29,4,30,10,7,11,32,30,4,18,11,7,8,32,5,29,28,9,10,12,32,31,30,18,13,11,8,32,31,18,17,13,8,14,32,32,31,17,15,13,14,32,5,28,27,9,12,16,32,33,32,17,17,15,14,32,6,5,27,18,9,16,32,6,27,26,18,16,19,32,34,33,17,20,17,14,32,34,17,16,20,14,21,33,37,38,83,82,22,23,24,25,32,35,34,16,26,20,21,32,6,26,25,18,19,27,32,36,35,16,28,26,21,32,7,6,25,29,18,27,32,36,16,15,28,21,30,32,7,25,24,29,27,31,32,37,36,15,22,28,30,32,38,37,15,23,22,30,32,8,7,24,32,29,31,32,38,15,14,23,30,33,32,8,24,23,32,31,34,32,39,38,14,35,23,33,33,40,22,65,85,36,37,38,39,32,40,39,14,36,35,33,32,8,23,22,32,34,37,32,22,40,14,37,36,33,32,8,22,14,32,37,33,32,9,8,14,40,32,33,32,9,14,13,40,33,41,32,10,9,13,42,40,41,32,10,13,12,42,41,43,32,11,10,12,44,42,43,32,43,41,42,45,46,47,32,43,64,41,45,48,46,32,44,64,43,49,48,45,32,44,63,64,49,50,48,32,45,63,44,51,50,49,32,45,62,63,51,52,50,32,46,62,45,53,52,51,32,46,61,62,53,54,52,32,47,73,46,55,56,53,32,73,74,46,56,57,53,32,74,61,46,57,54,53,32,74,60,61,57,58,54,32,75,60,74,59,58,57,32,76,60,75,60,58,59,32,47,72,73,55,61,56,32,77,60,76,62,58,60,32,47,71,72,55,63,61,32,78,60,77,64,58,62,32,48,71,47,65,63,55,32,78,59,60,64,66,58,32,79,59,78,67,66,64,32,79,58,59,67,68,66,32,48,70,71,65,69,63,32,80,58,79,70,68,67,32,48,69,70,65,71,69,32,49,69,48,72,71,65,32,81,58,80,73,68,70,32,81,57,58,73,74,68,32,82,57,81,25,74,73,32,49,68,69,72,75,71,32,83,57,82,24,74,25,32,50,68,49,76,75,72,32,83,56,57,24,77,74,32,50,67,68,76,78,75,32,84,56,83,79,77,24,32,50,66,67,76,80,78,32,85,56,84,39,77,79,32,50,65,66,76,38,80,32,65,56,85,38,77,39,32,50,56,65,76,77,38,32,51,56,50,81,77,76,32,51,55,56,81,82,77,32,52,55,51,83,82,81,32,52,54,55,83,84,82,32,53,54,52,85,84,83,33,73,29,30,74,56,10,11,57,32,4,46,45,7,53,51,32,23,67,66,34,78,80,33,38,39,84,83,23,35,79,24,33,32,33,78,77,15,17,64,62,33,34,35,80,79,20,26,70,67,32,8,51,50,32,81,76,32,18,61,60,8,54,58,33,21,0,41,64,2,1,46,48,33,31,32,77,76,13,15,62,60,33,49,7,8,50,72,29,32,76,32,24,69,68,31,71,75,32,10,53,52,42,85,83,32,17,60,59,14,58,66,33,36,37,82,81,28,22,25,73,32,2,44,43,3,49,45,33,18,19,62,61,8,6,52,54,33,30,31,76,75,11,13,60,59,32,1,43,42,0,45,47,32,28,72,71,12,61,63,33,22,23,66,65,37,34,80,38,32,26,71,70,19,63,69,32,13,55,54,41,82,84,33,39,40,85,84,35,36,39,79,32,15,58,57,30,68,74,32,12,54,53,43,84,85,33,56,14,15,57,77,33,30,74,33,35,36,81,80,26,28,73,70,33,16,17,59,58,21,14,66,68,32,28,73,72,12,56,61,32,30,75,74,11,59,57,33,4,5,47,46,7,9,55,53,33,23,24,68,67,34,31,75,78,33,19,20,63,62,6,4,50,52,33,20,21,64,63,4,2,48,50,32,9,52,51,40,83,81,33,69,25,26,70,71,27,19,69,33,0,1,42,41,1,0,47,46,33,33,34,79,78,17,20,67,64,33,5,6,48,47,9,18,65,55,32,6,49,48,18,72,65,32,3,45,44,5,51,49,32,10,11,53,42,44,85,32,12,13,54,43,41,84,32,8,9,51,32,40,81,32,9,10,52,40,42,83,32,27,28,71,16,12,63,32,13,14,55,41,33,82,32,15,16,58,30,21,68,32,6,7,49,18,29,72,32,11,12,53,44,43,85,32,28,29,73,12,10,56,32,26,27,71,19,16,63,32,2,3,44,3,5,49,32,24,25,69,31,27,71,32,3,4,45,5,7,51,32,17,18,60,14,8,58,32,1,2,43,0,3,45,32,55,14,56,82,33,77],
    "uvs": [],
    "metadata": {
        "vertices": 86,
        "version": 3,
        "generator": "io_three",
        "uvs": 0,
        "faces": 147,
        "type": "Geometry",
        "normals": 86
    },